{"2": {"runs": [{"d": 2, "bproj-bw-uvp": 0.05668185573964333, "scones-bw-uvp": 0.007351704639656928}, {"d": 2, "bproj-bw-uvp": 0.12680923603112984, "scones-bw-uvp": 0.04340555244052882}, {"d": 2, "bproj-bw-uvp": 0.20823184097153505, "scones-bw-uvp": 0.12108030690415686}], "bproj-mean-bw-uvp": 0.13057431091410274, "scones-mean-bw-uvp": 0.05727918799478087}}